INSERT INTO travel_like_avg_location VALUES('Seoul', 4.66, 4.64);
INSERT INTO travel_like_avg_location VALUES('Gyeonggi-do', 4.58, 4.57);
INSERT INTO travel_like_avg_location VALUES('Incheon', 4.71, 4.66);
INSERT INTO travel_like_avg_location VALUES('Gangwon-do', 4.75, 4.74);
INSERT INTO travel_like_avg_location VALUES('Chungcheong-do', 4.49, 4.49);
INSERT INTO travel_like_avg_location VALUES('Gyeongsang-do', 4.68, 4.64);
INSERT INTO travel_like_avg_location VALUES('Jeolla-do', 4.66, 4.64);
INSERT INTO travel_like_avg_location VALUES('Jeju', 4.77, 4.73);


INSERT INTO travel_revisit VALUES('Female', 15, 'Culinary Tourism', 4.55);
INSERT INTO travel_revisit VALUES('Female', 15, 'Shopping', 4.59);
INSERT INTO travel_revisit VALUES('Female', 15, 'Enjoying Natural Scenery', 4.6);
INSERT INTO travel_revisit VALUES('Female', 15, 'Visit to Palaces/Historical Sites', 4.3);
INSERT INTO travel_revisit VALUES('Female', 15, 'Experience Traditional Culture', 0);
INSERT INTO travel_revisit VALUES('Female', 15, 'Visit to Museums and Exhibitions', 0);
INSERT INTO travel_revisit VALUES('Female', 15, 'Visit to K-POP/Hallyu Star-related Performances', 0);
INSERT INTO travel_revisit VALUES('Female', 15, 'Visit to Drama/Movie Shooting Locations', 0);
INSERT INTO travel_revisit VALUES('Female', 15, 'Watching Performances such as Theater, Musicals, Ballet, and Participating in Local Festivals', 0);
INSERT INTO travel_revisit VALUES('Female', 15, 'Participating in Local Festivals', 5);
INSERT INTO travel_revisit VALUES('Female', 15, 'Entertainment/Recreation', 4);
INSERT INTO travel_revisit VALUES('Female', 15, 'Beauty/Medical Tourism', 5);
INSERT INTO travel_revisit VALUES('Female', 15, 'Sports/Recreation Watching and Participation Business Activities', 0);
INSERT INTO travel_revisit VALUES('Female', 15, 'Business Transactions', 4.53);
INSERT INTO travel_revisit VALUES('Female', 15, 'Training/Education/Research', 4.83);
INSERT INTO travel_revisit VALUES('Female', 15, 'Inspection (Industrial Facilities, etc.)', 0);
INSERT INTO travel_revisit VALUES('Female', 21, 'Culinary Tourism', 4.48);
INSERT INTO travel_revisit VALUES('Female', 21, 'Shopping', 4.48);
INSERT INTO travel_revisit VALUES('Female', 21, 'Enjoying Natural Scenery', 4.35);
INSERT INTO travel_revisit VALUES('Female', 21, 'Visit to Palaces/Historical Sites', 4.71);
INSERT INTO travel_revisit VALUES('Female', 21, 'Experience Traditional Culture', 5);
INSERT INTO travel_revisit VALUES('Female', 21, 'Visit to Museums and Exhibitions', 4.33);
INSERT INTO travel_revisit VALUES('Female', 21, 'Visit to K-POP/Hallyu Star-related Performances', 5);
INSERT INTO travel_revisit VALUES('Female', 21, 'Visit to Drama/Movie Shooting Locations', 0);
INSERT INTO travel_revisit VALUES('Female', 21, 'Watching Performances such as Theater, Musicals, Ballet, and Participating in Local Festivals', 5);
INSERT INTO travel_revisit VALUES('Female', 21, 'Participating in Local Festivals', 0);
INSERT INTO travel_revisit VALUES('Female', 21, 'Entertainment/Recreation', 0);
INSERT INTO travel_revisit VALUES('Female', 21, 'Beauty/Medical Tourism', 4.4);
INSERT INTO travel_revisit VALUES('Female', 21, 'Sports/Recreation Watching and Participation Business Activities', 5);
INSERT INTO travel_revisit VALUES('Female', 21, 'Business Transactions', 4.52);
INSERT INTO travel_revisit VALUES('Female', 21, 'Training/Education/Research', 4.55);
INSERT INTO travel_revisit VALUES('Female', 21, 'Inspection (Industrial Facilities, etc.)', 0);
INSERT INTO travel_revisit VALUES('Female', 31, 'Culinary Tourism', 4.54);
INSERT INTO travel_revisit VALUES('Female', 31, 'Shopping', 4.58);
INSERT INTO travel_revisit VALUES('Female', 31, 'Enjoying Natural Scenery', 4.29);
INSERT INTO travel_revisit VALUES('Female', 31, 'Visit to Palaces/Historical Sites', 4.67);
INSERT INTO travel_revisit VALUES('Female', 31, 'Experience Traditional Culture', 5);
INSERT INTO travel_revisit VALUES('Female', 31, 'Visit to Museums and Exhibitions', 4.5);
INSERT INTO travel_revisit VALUES('Female', 31, 'Visit to K-POP/Hallyu Star-related Performances', 5);
INSERT INTO travel_revisit VALUES('Female', 31, 'Visit to Drama/Movie Shooting Locations', 0);
INSERT INTO travel_revisit VALUES('Female', 31, 'Watching Performances such as Theater, Musicals, Ballet, and Participating in Local Festivals', 0);
INSERT INTO travel_revisit VALUES('Female', 31, 'Participating in Local Festivals', 0);
INSERT INTO travel_revisit VALUES('Female', 31, 'Entertainment/Recreation', 0);
INSERT INTO travel_revisit VALUES('Female', 31, 'Beauty/Medical Tourism', 0);
INSERT INTO travel_revisit VALUES('Female', 31, 'Sports/Recreation Watching and Participation Business Activities', 5);
INSERT INTO travel_revisit VALUES('Female', 31, 'Business Transactions', 4.51);
INSERT INTO travel_revisit VALUES('Female', 31, 'Training/Education/Research', 4);
INSERT INTO travel_revisit VALUES('Female', 31, 'Inspection (Industrial Facilities, etc.)', 5);
INSERT INTO travel_revisit VALUES('Female', 41, 'Culinary Tourism', 4.6);
INSERT INTO travel_revisit VALUES('Female', 41, 'Shopping', 4.53);
INSERT INTO travel_revisit VALUES('Female', 41, 'Enjoying Natural Scenery', 4.75);
INSERT INTO travel_revisit VALUES('Female', 41, 'Visit to Palaces/Historical Sites', 4.86);
INSERT INTO travel_revisit VALUES('Female', 41, 'Experience Traditional Culture', 0);
INSERT INTO travel_revisit VALUES('Female', 41, 'Visit to Museums and Exhibitions', 0);
INSERT INTO travel_revisit VALUES('Female', 41, 'Visit to K-POP/Hallyu Star-related Performances', 0);
INSERT INTO travel_revisit VALUES('Female', 41, 'Visit to Drama/Movie Shooting Locations', 0);
INSERT INTO travel_revisit VALUES('Female', 41, 'Watching Performances such as Theater, Musicals, Ballet, and Participating in Local Festivals', 5);
INSERT INTO travel_revisit VALUES('Female', 41, 'Participating in Local Festivals', 0);
INSERT INTO travel_revisit VALUES('Female', 41, 'Entertainment/Recreation', 0);
INSERT INTO travel_revisit VALUES('Female', 41, 'Beauty/Medical Tourism', 0);
INSERT INTO travel_revisit VALUES('Female', 41, 'Sports/Recreation Watching and Participation Business Activities', 0);
INSERT INTO travel_revisit VALUES('Female', 41, 'Business Transactions', 4.44);
INSERT INTO travel_revisit VALUES('Female', 41, 'Training/Education/Research', 4.67);
INSERT INTO travel_revisit VALUES('Female', 41, 'Inspection (Industrial Facilities, etc.)', 0);
INSERT INTO travel_revisit VALUES('Female', 51, 'Culinary Tourism', 4.51);
INSERT INTO travel_revisit VALUES('Female', 51, 'Shopping', 4.57);
INSERT INTO travel_revisit VALUES('Female', 51, 'Enjoying Natural Scenery', 4.67);
INSERT INTO travel_revisit VALUES('Female', 51, 'Visit to Palaces/Historical Sites', 5);
INSERT INTO travel_revisit VALUES('Female', 51, 'Experience Traditional Culture', 0);
INSERT INTO travel_revisit VALUES('Female', 51, 'Visit to Museums and Exhibitions', 0);
INSERT INTO travel_revisit VALUES('Female', 51, 'Visit to K-POP/Hallyu Star-related Performances', 0);
INSERT INTO travel_revisit VALUES('Female', 51, 'Visit to Drama/Movie Shooting Locations', 0);
INSERT INTO travel_revisit VALUES('Female', 51, 'Watching Performances such as Theater, Musicals, Ballet, and Participating in Local Festivals', 0);
INSERT INTO travel_revisit VALUES('Female', 51, 'Participating in Local Festivals', 0);
INSERT INTO travel_revisit VALUES('Female', 51, 'Entertainment/Recreation', 0);
INSERT INTO travel_revisit VALUES('Female', 51, 'Beauty/Medical Tourism', 0);
INSERT INTO travel_revisit VALUES('Female', 51, 'Sports/Recreation Watching and Participation Business Activities', 0);
INSERT INTO travel_revisit VALUES('Female', 51, 'Business Transactions', 4.58);
INSERT INTO travel_revisit VALUES('Female', 51, 'Training/Education/Research', 5);
INSERT INTO travel_revisit VALUES('Female', 51, 'Inspection (Industrial Facilities, etc.)', 0);
INSERT INTO travel_revisit VALUES('Female', 61, 'Culinary Tourism', 4.21);
INSERT INTO travel_revisit VALUES('Female', 61, 'Shopping', 4.77);
INSERT INTO travel_revisit VALUES('Female', 61, 'Enjoying Natural Scenery', 4.5);
INSERT INTO travel_revisit VALUES('Female', 61, 'Visit to Palaces/Historical Sites', 0);
INSERT INTO travel_revisit VALUES('Female', 61, 'Experience Traditional Culture', 0);
INSERT INTO travel_revisit VALUES('Female', 61, 'Visit to Museums and Exhibitions', 0);
INSERT INTO travel_revisit VALUES('Female', 61, 'Visit to K-POP/Hallyu Star-related Performances', 0);
INSERT INTO travel_revisit VALUES('Female', 61, 'Visit to Drama/Movie Shooting Locations', 0);
INSERT INTO travel_revisit VALUES('Female', 61, 'Watching Performances such as Theater, Musicals, Ballet, and Participating in Local Festivals', 0);
INSERT INTO travel_revisit VALUES('Female', 61, 'Participating in Local Festivals', 0);
INSERT INTO travel_revisit VALUES('Female', 61, 'Entertainment/Recreation', 0);
INSERT INTO travel_revisit VALUES('Female', 61, 'Beauty/Medical Tourism', 0);
INSERT INTO travel_revisit VALUES('Female', 61, 'Sports/Recreation Watching and Participation Business Activities', 5);
INSERT INTO travel_revisit VALUES('Female', 61, 'Business Transactions', 4.75);
INSERT INTO travel_revisit VALUES('Female', 61, 'Training/Education/Research', 4);
INSERT INTO travel_revisit VALUES('Female', 61, 'Inspection (Industrial Facilities, etc.)', 0);
INSERT INTO travel_revisit VALUES('Male', 15, 'Culinary Tourism', 4.46);
INSERT INTO travel_revisit VALUES('Male', 15, 'Shopping', 4.46);
INSERT INTO travel_revisit VALUES('Male', 15, 'Enjoying Natural Scenery', 4.75);
INSERT INTO travel_revisit VALUES('Male', 15, 'Visit to Palaces/Historical Sites', 1);
INSERT INTO travel_revisit VALUES('Male', 15, 'Experience Traditional Culture', 0);
INSERT INTO travel_revisit VALUES('Male', 15, 'Visit to Museums and Exhibitions', 0);
INSERT INTO travel_revisit VALUES('Male', 15, 'Visit to K-POP/Hallyu Star-related Performances', 0);
INSERT INTO travel_revisit VALUES('Male', 15, 'Visit to Drama/Movie Shooting Locations', 4);
INSERT INTO travel_revisit VALUES('Male', 15, 'Watching Performances such as Theater, Musicals, Ballet, and Participating in Local Festivals', 0);
INSERT INTO travel_revisit VALUES('Male', 15, 'Participating in Local Festivals', 0);
INSERT INTO travel_revisit VALUES('Male', 15, 'Entertainment/Recreation', 0);
INSERT INTO travel_revisit VALUES('Male', 15, 'Beauty/Medical Tourism', 0);
INSERT INTO travel_revisit VALUES('Male', 15, 'Sports/Recreation Watching and Participation Business Activities', 0);
INSERT INTO travel_revisit VALUES('Male', 15, 'Business Transactions', 4.71);
INSERT INTO travel_revisit VALUES('Male', 15, 'Training/Education/Research', 4.2);
INSERT INTO travel_revisit VALUES('Male', 15, 'Inspection (Industrial Facilities, etc.)', 0);
INSERT INTO travel_revisit VALUES('Male', 21, 'Culinary Tourism', 4.34);
INSERT INTO travel_revisit VALUES('Male', 21, 'Shopping', 4.26);
INSERT INTO travel_revisit VALUES('Male', 21, 'Enjoying Natural Scenery', 4.04);
INSERT INTO travel_revisit VALUES('Male', 21, 'Visit to Palaces/Historical Sites', 4.47);
INSERT INTO travel_revisit VALUES('Male', 21, 'Experience Traditional Culture', 4.75);
INSERT INTO travel_revisit VALUES('Male', 21, 'Visit to Museums and Exhibitions', 4.4);
INSERT INTO travel_revisit VALUES('Male', 21, 'Visit to K-POP/Hallyu Star-related Performances', 0);
INSERT INTO travel_revisit VALUES('Male', 21, 'Visit to Drama/Movie Shooting Locations', 0);
INSERT INTO travel_revisit VALUES('Male', 21, 'Watching Performances such as Theater, Musicals, Ballet, and Participating in Local Festivals', 0);
INSERT INTO travel_revisit VALUES('Male', 21, 'Participating in Local Festivals', 0);
INSERT INTO travel_revisit VALUES('Male', 21, 'Entertainment/Recreation', 3.67);
INSERT INTO travel_revisit VALUES('Male', 21, 'Beauty/Medical Tourism', 4.75);
INSERT INTO travel_revisit VALUES('Male', 21, 'Sports/Recreation Watching and Participation Business Activities', 4);
INSERT INTO travel_revisit VALUES('Male', 21, 'Business Transactions', 4.41);
INSERT INTO travel_revisit VALUES('Male', 21, 'Training/Education/Research', 4.21);
INSERT INTO travel_revisit VALUES('Male', 21, 'Inspection (Industrial Facilities, etc.)', 1.5);
INSERT INTO travel_revisit VALUES('Male', 31, 'Culinary Tourism', 4.33);
INSERT INTO travel_revisit VALUES('Male', 31, 'Shopping', 4.37);
INSERT INTO travel_revisit VALUES('Male', 31, 'Enjoying Natural Scenery', 4.38);
INSERT INTO travel_revisit VALUES('Male', 31, 'Visit to Palaces/Historical Sites', 4.06);
INSERT INTO travel_revisit VALUES('Male', 31, 'Experience Traditional Culture', 4);
INSERT INTO travel_revisit VALUES('Male', 31, 'Visit to Museums and Exhibitions', 3.67);
INSERT INTO travel_revisit VALUES('Male', 31, 'Visit to K-POP/Hallyu Star-related Performances', 0);
INSERT INTO travel_revisit VALUES('Male', 31, 'Visit to Drama/Movie Shooting Locations', 4);
INSERT INTO travel_revisit VALUES('Male', 31, 'Watching Performances such as Theater, Musicals, Ballet, and Participating in Local Festivals', 0);
INSERT INTO travel_revisit VALUES('Male', 31, 'Participating in Local Festivals', 0);
INSERT INTO travel_revisit VALUES('Male', 31, 'Entertainment/Recreation', 4);
INSERT INTO travel_revisit VALUES('Male', 31, 'Beauty/Medical Tourism', 0);
INSERT INTO travel_revisit VALUES('Male', 31, 'Sports/Recreation Watching and Participation Business Activities', 5);
INSERT INTO travel_revisit VALUES('Male', 31, 'Business Transactions', 4.47);
INSERT INTO travel_revisit VALUES('Male', 31, 'Training/Education/Research', 4.38);
INSERT INTO travel_revisit VALUES('Male', 31, 'Inspection (Industrial Facilities, etc.)', 5);
INSERT INTO travel_revisit VALUES('Male', 41, 'Culinary Tourism', 4.47);
INSERT INTO travel_revisit VALUES('Male', 41, 'Shopping', 4.48);
INSERT INTO travel_revisit VALUES('Male', 41, 'Enjoying Natural Scenery', 4.28);
INSERT INTO travel_revisit VALUES('Male', 41, 'Visit to Palaces/Historical Sites', 4.5);
INSERT INTO travel_revisit VALUES('Male', 41, 'Experience Traditional Culture', 4);
INSERT INTO travel_revisit VALUES('Male', 41, 'Visit to Museums and Exhibitions', 4);
INSERT INTO travel_revisit VALUES('Male', 41, 'Visit to K-POP/Hallyu Star-related Performances', 0);
INSERT INTO travel_revisit VALUES('Male', 41, 'Visit to Drama/Movie Shooting Locations', 4);
INSERT INTO travel_revisit VALUES('Male', 41, 'Watching Performances such as Theater, Musicals, Ballet, and Participating in Local Festivals', 0);
INSERT INTO travel_revisit VALUES('Male', 41, 'Participating in Local Festivals', 0);
INSERT INTO travel_revisit VALUES('Male', 41, 'Entertainment/Recreation', 0);
INSERT INTO travel_revisit VALUES('Male', 41, 'Beauty/Medical Tourism', 4.5);
INSERT INTO travel_revisit VALUES('Male', 41, 'Sports/Recreation Watching and Participation Business Activities', 5);
INSERT INTO travel_revisit VALUES('Male', 41, 'Business Transactions', 4.4);
INSERT INTO travel_revisit VALUES('Male', 41, 'Training/Education/Research', 4.27);
INSERT INTO travel_revisit VALUES('Male', 41, 'Inspection (Industrial Facilities, etc.)', 5);
INSERT INTO travel_revisit VALUES('Male', 51, 'Culinary Tourism', 4.51);
INSERT INTO travel_revisit VALUES('Male', 51, 'Shopping', 4.51);
INSERT INTO travel_revisit VALUES('Male', 51, 'Enjoying Natural Scenery', 4.43);
INSERT INTO travel_revisit VALUES('Male', 51, 'Visit to Palaces/Historical Sites', 4.67);
INSERT INTO travel_revisit VALUES('Male', 51, 'Experience Traditional Culture', 5);
INSERT INTO travel_revisit VALUES('Male', 51, 'Visit to Museums and Exhibitions', 4);
INSERT INTO travel_revisit VALUES('Male', 51, 'Visit to K-POP/Hallyu Star-related Performances', 0);
INSERT INTO travel_revisit VALUES('Male', 51, 'Visit to Drama/Movie Shooting Locations', 0);
INSERT INTO travel_revisit VALUES('Male', 51, 'Watching Performances such as Theater, Musicals, Ballet, and Participating in Local Festivals', 0);
INSERT INTO travel_revisit VALUES('Male', 51, 'Participating in Local Festivals', 0);
INSERT INTO travel_revisit VALUES('Male', 51, 'Entertainment/Recreation', 5);
INSERT INTO travel_revisit VALUES('Male', 51, 'Beauty/Medical Tourism', 5);
INSERT INTO travel_revisit VALUES('Male', 51, 'Sports/Recreation Watching and Participation Business Activities', 5);
INSERT INTO travel_revisit VALUES('Male', 51, 'Business Transactions', 4.54);
INSERT INTO travel_revisit VALUES('Male', 51, 'Training/Education/Research', 4);
INSERT INTO travel_revisit VALUES('Male', 51, 'Inspection (Industrial Facilities, etc.)', 0);
INSERT INTO travel_revisit VALUES('Male', 61, 'Culinary Tourism', 4.58);
INSERT INTO travel_revisit VALUES('Male', 61, 'Shopping', 4.69);
INSERT INTO travel_revisit VALUES('Male', 61, 'Enjoying Natural Scenery', 4.4);
INSERT INTO travel_revisit VALUES('Male', 61, 'Visit to Palaces/Historical Sites', 0);
INSERT INTO travel_revisit VALUES('Male', 61, 'Experience Traditional Culture', 0);
INSERT INTO travel_revisit VALUES('Male', 61, 'Visit to Museums and Exhibitions', 0);
INSERT INTO travel_revisit VALUES('Male', 61, 'Visit to K-POP/Hallyu Star-related Performances', 0);
INSERT INTO travel_revisit VALUES('Male', 61, 'Visit to Drama/Movie Shooting Locations', 0);
INSERT INTO travel_revisit VALUES('Male', 61, 'Watching Performances such as Theater, Musicals, Ballet, and Participating in Local Festivals', 0);
INSERT INTO travel_revisit VALUES('Male', 61, 'Participating in Local Festivals', 0);
INSERT INTO travel_revisit VALUES('Male', 61, 'Entertainment/Recreation', 0);
INSERT INTO travel_revisit VALUES('Male', 61, 'Beauty/Medical Tourism', 0);
INSERT INTO travel_revisit VALUES('Male', 61, 'Sports/Recreation Watching and Participation Business Activities', 0);
INSERT INTO travel_revisit VALUES('Male', 61, 'Business Transactions', 4.59);
INSERT INTO travel_revisit VALUES('Male', 61, 'Training/Education/Research', 0);
INSERT INTO travel_revisit VALUES('Male', 61, 'Inspection (Industrial Facilities, etc.)', 0);


INSERT INTO travel_like VALUES('Female', 15, 'Seoul', 4.73,428);
INSERT INTO travel_like VALUES('Female', 15, 'Gyeonggi-do', 4.72,83);
INSERT INTO travel_like VALUES('Female', 15, 'Incheon', 4.76,114);
INSERT INTO travel_like VALUES('Female', 15, 'Gangwon-do', 4.81,31);
INSERT INTO travel_like VALUES('Female', 15, 'Chungcheong-do', 4.67,48);
INSERT INTO travel_like VALUES('Female', 15, 'Gyeongsang-do', 4.77,183);
INSERT INTO travel_like VALUES('Female', 15, 'Jeolla-do', 4.81,48);
INSERT INTO travel_like VALUES('Female', 15, 'Jeju', 4.8,93);
INSERT INTO travel_like VALUES('Female', 21, 'Seoul', 4.68,1823);
INSERT INTO travel_like VALUES('Female', 21, 'Gyeonggi-do', 4.66,462);
INSERT INTO travel_like VALUES('Female', 21, 'Incheon', 4.7,524);
INSERT INTO travel_like VALUES('Female', 21, 'Gangwon-do', 4.8,259);
INSERT INTO travel_like VALUES('Female', 21, 'Chungcheong-do', 4.63,291);
INSERT INTO travel_like VALUES('Female', 21, 'Gyeongsang-do', 4.74,967);
INSERT INTO travel_like VALUES('Female', 21, 'Jeolla-do', 4.68,360);
INSERT INTO travel_like VALUES('Female', 21, 'Jeju', 4.74,547);
INSERT INTO travel_like VALUES('Female', 31, 'Seoul', 4.64,357);
INSERT INTO travel_like VALUES('Female', 31, 'Gyeonggi-do', 4.66,130);
INSERT INTO travel_like VALUES('Female', 31, 'Incheon', 4.71,69);
INSERT INTO travel_like VALUES('Female', 31, 'Gangwon-do', 4.82,49);
INSERT INTO travel_like VALUES('Female', 31, 'Chungcheong-do', 4.57,49);
INSERT INTO travel_like VALUES('Female', 31, 'Gyeongsang-do', 4.61,144);
INSERT INTO travel_like VALUES('Female', 31, 'Jeolla-do', 4.65,63);
INSERT INTO travel_like VALUES('Female', 31, 'Jeju', 4.72,65);
INSERT INTO travel_like VALUES('Female', 41, 'Seoul', 4.62,143);
INSERT INTO travel_like VALUES('Female', 41, 'Gyeonggi-do', 4.6,60);
INSERT INTO travel_like VALUES('Female', 41, 'Incheon', 4.74,23);
INSERT INTO travel_like VALUES('Female', 41, 'Gangwon-do', 4.81,16);
INSERT INTO travel_like VALUES('Female', 41, 'Chungcheong-do', 4.67,15);
INSERT INTO travel_like VALUES('Female', 41, 'Gyeongsang-do', 4.57,60);
INSERT INTO travel_like VALUES('Female', 41, 'Jeolla-do', 4.84,19);
INSERT INTO travel_like VALUES('Female', 41, 'Jeju', 4.79,19);
INSERT INTO travel_like VALUES('Female', 51, 'Seoul', 4.61,109);
INSERT INTO travel_like VALUES('Female', 51, 'Gyeonggi-do', 4.59,44);
INSERT INTO travel_like VALUES('Female', 51, 'Incheon', 4.65,17);
INSERT INTO travel_like VALUES('Female', 51, 'Gangwon-do', 4.81,16);
INSERT INTO travel_like VALUES('Female', 51, 'Chungcheong-do', 4.61,18);
INSERT INTO travel_like VALUES('Female', 51, 'Gyeongsang-do', 4.53,47);
INSERT INTO travel_like VALUES('Female', 51, 'Jeolla-do', 4.84,19);
INSERT INTO travel_like VALUES('Female', 51, 'Jeju', 4.67,18);
INSERT INTO travel_like VALUES('Female', 61, 'Seoul', 4.64,39);
INSERT INTO travel_like VALUES('Female', 61, 'Gyeonggi-do', 4.57,23);
INSERT INTO travel_like VALUES('Female', 61, 'Incheon', 4.78,9);
INSERT INTO travel_like VALUES('Female', 61, 'Gangwon-do', 4.8,5);
INSERT INTO travel_like VALUES('Female', 61, 'Chungcheong-do', 4.56,9);
INSERT INTO travel_like VALUES('Female', 61, 'Gyeongsang-do', 4.56,16);
INSERT INTO travel_like VALUES('Female', 61, 'Jeolla-do', 4.5,6);
INSERT INTO travel_like VALUES('Female', 61, 'Jeju', 4.75,8);
INSERT INTO travel_like VALUES('Male', 15, 'Seoul', 4.68,138);
INSERT INTO travel_like VALUES('Male', 15, 'Gyeonggi-do', 4.73,30);
INSERT INTO travel_like VALUES('Male', 15, 'Incheon', 4.73,52);
INSERT INTO travel_like VALUES('Male', 15, 'Gangwon-do', 4.86,21);
INSERT INTO travel_like VALUES('Male', 15, 'Chungcheong-do', 4.63,24);
INSERT INTO travel_like VALUES('Male', 15, 'Gyeongsang-do', 4.69,59);
INSERT INTO travel_like VALUES('Male', 15, 'Jeolla-do', 4.71,34);
INSERT INTO travel_like VALUES('Male', 15, 'Jeju', 4.75,32);
INSERT INTO travel_like VALUES('Male', 21, 'Seoul', 4.64,964);
INSERT INTO travel_like VALUES('Male', 21, 'Gyeonggi-do', 4.61,357);
INSERT INTO travel_like VALUES('Male', 21, 'Incheon', 4.7,298);
INSERT INTO travel_like VALUES('Male', 21, 'Gangwon-do', 4.75,114);
INSERT INTO travel_like VALUES('Male', 21, 'Chungcheong-do', 4.47,258);
INSERT INTO travel_like VALUES('Male', 21, 'Gyeongsang-do', 4.62,535);
INSERT INTO travel_like VALUES('Male', 21, 'Jeolla-do', 4.62,218);
INSERT INTO travel_like VALUES('Male', 21, 'Jeju', 4.73,237);
INSERT INTO travel_like VALUES('Male', 31, 'Seoul', 4.52,650);
INSERT INTO travel_like VALUES('Male', 31, 'Gyeonggi-do', 4.42,322);
INSERT INTO travel_like VALUES('Male', 31, 'Incheon', 4.5,183);
INSERT INTO travel_like VALUES('Male', 31, 'Gangwon-do', 4.67,67);
INSERT INTO travel_like VALUES('Male', 31, 'Chungcheong-do', 4.36,196);
INSERT INTO travel_like VALUES('Male', 31, 'Gyeongsang-do', 4.54,413);
INSERT INTO travel_like VALUES('Male', 31, 'Jeolla-do', 4.55,108);
INSERT INTO travel_like VALUES('Male', 31, 'Jeju', 4.68,62);
INSERT INTO travel_like VALUES('Male', 41, 'Seoul', 4.56,387);
INSERT INTO travel_like VALUES('Male', 41, 'Gyeonggi-do', 4.44,186);
INSERT INTO travel_like VALUES('Male', 41, 'Incheon', 4.39,83);
INSERT INTO travel_like VALUES('Male', 41, 'Gangwon-do', 4.64,44);
INSERT INTO travel_like VALUES('Male', 41, 'Chungcheong-do', 4.3,135);
INSERT INTO travel_like VALUES('Male', 41, 'Gyeongsang-do', 4.47,230);
INSERT INTO travel_like VALUES('Male', 41, 'Jeolla-do', 4.38,64);
INSERT INTO travel_like VALUES('Male', 41, 'Jeju', 4.69,29);
INSERT INTO travel_like VALUES('Male', 51, 'Seoul', 4.62,266);
INSERT INTO travel_like VALUES('Male', 51, 'Gyeonggi-do', 4.38,128);
INSERT INTO travel_like VALUES('Male', 51, 'Incheon', 4.48,60);
INSERT INTO travel_like VALUES('Male', 51, 'Gangwon-do', 4.42,33);
INSERT INTO travel_like VALUES('Male', 51, 'Chungcheong-do', 4.42,62);
INSERT INTO travel_like VALUES('Male', 51, 'Gyeongsang-do', 4.48,173);
INSERT INTO travel_like VALUES('Male', 51, 'Jeolla-do', 4.63,27);
INSERT INTO travel_like VALUES('Male', 51, 'Jeju', 4.5,24);
INSERT INTO travel_like VALUES('Male', 61, 'Seoul', 4.63,88);
INSERT INTO travel_like VALUES('Male', 61, 'Gyeonggi-do', 4.58,38);
INSERT INTO travel_like VALUES('Male', 61, 'Incheon', 4.71,14);
INSERT INTO travel_like VALUES('Male', 61, 'Gangwon-do', 4.27,11);
INSERT INTO travel_like VALUES('Male', 61, 'Chungcheong-do', 4.31,13);
INSERT INTO travel_like VALUES('Male', 61, 'Gyeongsang-do', 4.57,60);
INSERT INTO travel_like VALUES('Male', 61, 'Jeolla-do', 4.36,14);
INSERT INTO travel_like VALUES('Male', 61, 'Jeju', 4.6,5);
