INSERT INTO travel_like_avg_count VALUES(4, 4.49, 4.56, 2737);
INSERT INTO travel_like_avg_count VALUES(3, 4.60, 4.56, 824);
INSERT INTO travel_like_avg_count VALUES(2, 4.58, 4.57, 1369);
INSERT INTO travel_like_avg_count VALUES(1, 4.65, 4.66, 3205);

INSERT INTO travel_from_avg VALUES('Other', 4.71, 4.67, 1198);
INSERT INTO travel_from_avg VALUES('Taiwan', 4.49, 4.51, 61);
INSERT INTO travel_from_avg VALUES('Germany', 4.63, 4.59, 482);
INSERT INTO travel_from_avg VALUES('Russia', 4.74, 4.75, 146);
INSERT INTO travel_from_avg VALUES('Malaysia', 4.73, 4.67, 64);
INSERT INTO travel_from_avg VALUES('Mongolia', 4.67, 4.69, 39);
INSERT INTO travel_from_avg VALUES('USA', 4.76, 4.72, 1550);
INSERT INTO travel_from_avg VALUES('Vietnam', 4.78, 4.83, 18);
INSERT INTO travel_from_avg VALUES('Singapore', 4.63, 4.55, 256);
INSERT INTO travel_from_avg VALUES('UK', 4.74, 4.7, 268);
INSERT INTO travel_from_avg VALUES('India', 4.39, 4.44, 95);
INSERT INTO travel_from_avg VALUES('Indonesia', 4.82, 4.8, 89);
INSERT INTO travel_from_avg VALUES('Japan', 4.21, 3.94, 458);
INSERT INTO travel_from_avg VALUES('China', 4.39, 4.49, 2574);
INSERT INTO travel_from_avg VALUES('Middle East', 4.6, 4.66, 124);
INSERT INTO travel_from_avg VALUES('Canada', 4.66, 4.54, 70);
INSERT INTO travel_from_avg VALUES('Thailand', 4.82, 4.62, 74;)
INSERT INTO travel_from_avg VALUES('France', 4.74, 4.65, 508);
INSERT INTO travel_from_avg VALUES('Philippines', 4.82, 4.79, 33);
INSERT INTO travel_from_avg VALUES('Australia', 4.7, 4.6, 20);
INSERT INTO travel_from_avg VALUES('Hong Kong', 4.75, 4.63, 8);

INSERT INTO from_count VALUES('Other', 1, 655);
INSERT INTO from_count VALUES('Taiwan', 1, 14);
INSERT INTO from_count VALUES('Germany', 1, 238);
INSERT INTO from_count VALUES('Russia', 1, 55);
INSERT INTO from_count VALUES('Malaysia', 1, 29);
INSERT INTO from_count VALUES('Mongolia', 1, 12);
INSERT INTO from_count VALUES('USA', 1, 740);
INSERT INTO from_count VALUES('Vietnam', 1, 10);
INSERT INTO from_count VALUES('Singapore', 1, 58);
INSERT INTO from_count VALUES('UK', 1, 152);
INSERT INTO from_count VALUES('India', 1, 20);
INSERT INTO from_count VALUES('Indonesia', 1, 50);
INSERT INTO from_count VALUES('Japan', 1, 68);
INSERT INTO from_count VALUES('China', 1, 672);
INSERT INTO from_count VALUES('Middle East', 1, 54);
INSERT INTO from_count VALUES('Canada', 1, 33);
INSERT INTO from_count VALUES('Thailand', 1, 36);
INSERT INTO from_count VALUES('France', 1, 284);
INSERT INTO from_count VALUES('Philippines', 1, 19);
INSERT INTO from_count VALUES('Australia', 1, 6);
INSERT INTO from_count VALUES('Hong Kong', 1, 0);
INSERT INTO from_count VALUES('Other', 2, 200);
INSERT INTO from_count VALUES('Taiwan', 2, 13);
INSERT INTO from_count VALUES('Germany', 2, 85);
INSERT INTO from_count VALUES('Russia', 2, 28);
INSERT INTO from_count VALUES('Malaysia', 2, 16);
INSERT INTO from_count VALUES('Mongolia', 2, 5);
INSERT INTO from_count VALUES('USA', 2, 274);
INSERT INTO from_count VALUES('Vietnam', 2, 5);
INSERT INTO from_count VALUES('Singapore', 2, 71);
INSERT INTO from_count VALUES('UK', 2, 37);
INSERT INTO from_count VALUES('India', 2, 31);
INSERT INTO from_count VALUES('Indonesia', 2, 19);
INSERT INTO from_count VALUES('Japan', 2, 58);
INSERT INTO from_count VALUES('China', 2, 389);
INSERT INTO from_count VALUES('Middle East', 2, 29);
INSERT INTO from_count VALUES('Canada', 2, 11);
INSERT INTO from_count VALUES('Thailand', 2, 14);
INSERT INTO from_count VALUES('France', 2, 68);
INSERT INTO from_count VALUES('Philippines', 2, 7);
INSERT INTO from_count VALUES('Australia', 2, 8);
INSERT INTO from_count VALUES('Hong Kong', 2, 1);
INSERT INTO from_count VALUES('Other', 3, 102);
INSERT INTO from_count VALUES('Taiwan', 3, 6);
INSERT INTO from_count VALUES('Germany', 3, 43);
INSERT INTO from_count VALUES('Russia', 3, 12);
INSERT INTO from_count VALUES('Malaysia', 3, 10);
INSERT INTO from_count VALUES('Mongolia', 3, 5);
INSERT INTO from_count VALUES('USA', 3, 153);
INSERT INTO from_count VALUES('Vietnam', 3, 0);
INSERT INTO from_count VALUES('Singapore', 3, 32);
INSERT INTO from_count VALUES('UK', 3, 26);
INSERT INTO from_count VALUES('India', 3, 21);
INSERT INTO from_count VALUES('Indonesia', 3, 7);
INSERT INTO from_count VALUES('Japan', 3, 39);
INSERT INTO from_count VALUES('China', 3, 296);
INSERT INTO from_count VALUES('Middle East', 3, 15);
INSERT INTO from_count VALUES('Canada', 3, 3);
INSERT INTO from_count VALUES('Thailand', 3, 7);
INSERT INTO from_count VALUES('France', 3, 42);
INSERT INTO from_count VALUES('Philippines', 3, 2);
INSERT INTO from_count VALUES('Australia', 3, 2);
INSERT INTO from_count VALUES('Hong Kong', 3, 1);
INSERT INTO from_count VALUES('Other', 4, 241);
INSERT INTO from_count VALUES('Taiwan', 4, 28);
INSERT INTO from_count VALUES('Germany', 4, 116);
INSERT INTO from_count VALUES('Russia', 4, 51);
INSERT INTO from_count VALUES('Malaysia', 4, 9);
INSERT INTO from_count VALUES('Mongolia', 4, 17);
INSERT INTO from_count VALUES('USA', 4, 383);
INSERT INTO from_count VALUES('Vietnam', 4, 3);
INSERT INTO from_count VALUES('Singapore', 4, 95);
INSERT INTO from_count VALUES('UK', 4, 53);
INSERT INTO from_count VALUES('India', 4, 23);
INSERT INTO from_count VALUES('Indonesia', 4, 13);
INSERT INTO from_count VALUES('Japan', 4, 293);
INSERT INTO from_count VALUES('China', 4, 1217);
INSERT INTO from_count VALUES('Middle East', 4, 26);
INSERT INTO from_count VALUES('Canada', 4, 23);
INSERT INTO from_count VALUES('Thailand', 4, 17);
INSERT INTO from_count VALUES('France', 4, 114);
INSERT INTO from_count VALUES('Philippines', 4, 5);
INSERT INTO from_count VALUES('Australia', 4, 4);
INSERT INTO from_count VALUES('Hong Kong', 4, 6);

INSERT INTO from_airport VALUES('Other', 'Incheon Airport T1', 625);
INSERT INTO from_airport VALUES('Taiwan', 'Incheon Airport T1', 40);
INSERT INTO from_airport VALUES('Germany', 'Incheon Airport T1', 396);
INSERT INTO from_airport VALUES('Russia', 'Incheon Airport T1', 72);
INSERT INTO from_airport VALUES('Malaysia', 'Incheon Airport T1', 18);
INSERT INTO from_airport VALUES('Mongolia', 'Incheon Airport T1', 31);
INSERT INTO from_airport VALUES('USA', 'Incheon Airport T1', 576);
INSERT INTO from_airport VALUES('Vietnam', 'Incheon Airport T1', 16);
INSERT INTO from_airport VALUES('Singapore', 'Incheon Airport T1', 232);
INSERT INTO from_airport VALUES('UK', 'Incheon Airport T1', 88);
INSERT INTO from_airport VALUES('India', 'Incheon Airport T1', 87);
INSERT INTO from_airport VALUES('Indonesia', 'Incheon Airport T1', 15);
INSERT INTO from_airport VALUES('Japan', 'Incheon Airport T1', 125);
INSERT INTO from_airport VALUES('China', 'Incheon Airport T1', 2173);
INSERT INTO from_airport VALUES('Middle East', 'Incheon Airport T1', 111);
INSERT INTO from_airport VALUES('Canada', 'Incheon Airport T1', 49);
INSERT INTO from_airport VALUES('Thailand', 'Incheon Airport T1', 23);
INSERT INTO from_airport VALUES('France', 'Incheon Airport T1', 132);
INSERT INTO from_airport VALUES('Philippines', 'Incheon Airport T1', 15);
INSERT INTO from_airport VALUES('Australia', 'Incheon Airport T1', 18);
INSERT INTO from_airport VALUES('Hong Kong', 'Incheon Airport T1', 3);
INSERT INTO from_airport VALUES('Other', 'Incheon Airport T2', 573);
INSERT INTO from_airport VALUES('Taiwan', 'Incheon Airport T2', 21);
INSERT INTO from_airport VALUES('Germany', 'Incheon Airport T2', 86);
INSERT INTO from_airport VALUES('Russia', 'Incheon Airport T2', 74);
INSERT INTO from_airport VALUES('Malaysia', 'Incheon Airport T2', 46);
INSERT INTO from_airport VALUES('Mongolia', 'Incheon Airport T2', 8);
INSERT INTO from_airport VALUES('USA', 'Incheon Airport T2', 974);
INSERT INTO from_airport VALUES('Vietnam', 'Incheon Airport T2', 2);
INSERT INTO from_airport VALUES('Singapore', 'Incheon Airport T2', 24);
INSERT INTO from_airport VALUES('UK', 'Incheon Airport T2', 180);
INSERT INTO from_airport VALUES('India', 'Incheon Airport T2', 8);
INSERT INTO from_airport VALUES('Indonesia', 'Incheon Airport T2', 74);
INSERT INTO from_airport VALUES('Japan', 'Incheon Airport T2', 333);
INSERT INTO from_airport VALUES('China', 'Incheon Airport T2', 364);
INSERT INTO from_airport VALUES('Middle East', 'Incheon Airport T2', 13);
INSERT INTO from_airport VALUES('Canada', 'Incheon Airport T2', 21);
INSERT INTO from_airport VALUES('Thailand', 'Incheon Airport T2', 51);
INSERT INTO from_airport VALUES('France', 'Incheon Airport T2', 376);
INSERT INTO from_airport VALUES('Philippines', 'Incheon Airport T2', 18);
INSERT INTO from_airport VALUES('Australia', 'Incheon Airport T2', 2);
INSERT INTO from_airport VALUES('Hong Kong', 'Incheon Airport T2', 5);

INSERT INTO travel_from_act_avg (country_of_origin, main_activity, satisfaction_avg, recommendation_intent_avg)
SELECT a.country_of_origin, b.main_activity, a.satisfaction_avg, a.recommendation_intent_avg
FROM
    travel_from_avg a
CROSS JOIN
    travel_act_avg_like b
;